<?xml version="1.0" encoding="UTF-8"?>
<rule_file name="applicantInfo" title="applicantInfo">
  <rule name="mailingStateRule" title="Mailing State Rule">
    <description>Mailing State Rule</description>
    <action>
      <message severity="30" showMultiple="true">
        <text>Refer all AL Mailing Address Policies</text>
      </message>
    </action>
    <step>
      <selectNodes>
        <where>
          <operator type="=">
            <operand>
              <field fieldKey="*/AgencyApplicantInformationPage/MailingAddressSection/InsuredOrPrincipal[InsuredOrPrincipalInfo.InsuredOrPrincipalRoleCd='Insured'].GeneralPartyInfo.Addr[AddrTypeCd='MailingAddress'].StateProvCd">InsuredOrPrincipal[InsuredOrPrincipalInfo.InsuredOrPrincipalRoleCd='Insured'].GeneralPartyInfo.Addr[AddrTypeCd='MailingAddress'].StateProvCd</field>
            </operand>
            <operand fieldType="constant">
              <constant>AL</constant>
            </operand>
          </operator>
        </where>
        <variables />
      </selectNodes>
    </step>
  </rule>
   <rule name="dateId" title="Date Rule Example">
    <description>Date Rule Example</description>
    <action>
      <message severity="30" showMultiple="true">
        <text>You may NOT post policies with Efft Dates 6 months in advance</text>
      </message>
    </action>
    <step>
      <selectNodes>
        <where>
          <operator type="dateBeforeOrEquals">
            <operand>
              <expression>
                <expressionOperator type="dateAdd">
                  <expressionOperand>
                    <variableReference>today</variableReference>
                  </expressionOperand>
                  <expressionOperand>
                    <date>P0Y6M0D</date>
                  </expressionOperand>
                </expressionOperator>
              </expression>
            </operand>
            <operand>
              <field fieldKey="*/AgencyApplicantInformationPage/PolicyInfoSection/EffectiveDate">PersPolicy.ContractTerm.EffectiveDt</field>
            </operand>
          </operator>
        </where>
        <variables>
          <variable name="today">
            <variableReference>#TODAY</variableReference>
          </variable>
        </variables>
      </selectNodes>
    </step>
  </rule>
</rule_file>

