<?xml version="1.0" encoding="UTF-8"?>
<rule_file name="locations" title="locations">
  <rule name="MA-Error" title="MA-Error">
    <description>MA-Error</description>
    <action id="N37">
      <message severity="30" showMultiple="false" id="N38">
        <text id="N39">MA locations are not supported</text>
      </message>
    </action>
    <step id="N40">
      <selectNodes id="N41" xpath="Location">
        <where id="N43" order="0">
          <operator type="in" id="N44">
            <operand id="N45">
              <xpath>Location.Addr.StateProvCd</xpath>
            </operand>
            <operand id="N47">
              <constant>MA</constant>
            </operand>
          </operator>
        </where>
        <variables id="N42" />
      </selectNodes>
    </step>
  </rule>
  <rule name="NH-Warning" title="NH-Warning">
    <description>NH-Warning</description>
    <action>
      <message severity="20" showMultiple="true">
        <text>New Hampshire requires special handling</text>
      </message>
    </action>
    <step id="N40">
      <selectNodes id="N41" xpath="Location">
        <where id="N43" order="0">
          <operator type="in" id="N44">
            <operand id="N45">
              <xpath>Location.Addr.StateProvCd</xpath>
            </operand>
            <operand id="N47">
              <constant>NH</constant>
            </operand>
          </operator>
        </where>
        <variables id="N42" />
      </selectNodes>
    </step>
  </rule>
</rule_file>

