<?xml version="1.0" encoding="UTF-8"?>
<rule_file name="nhRules" title="WC Applicant Info Rules">
  <rule name="nhWickedAwesome" title="nhWickedAwesome">
    <description>nhWickedAwesome</description>
    <action>
      <message severity="20" showMultiple="true">
        <text>New Hampshire is a wicked awesome place to live</text>
      </message>
    </action>
    <step>
      <selectNodes>
        <where>
          <operator type="=">
            <operand>
              <field fieldKey="*/AgencyApplicantInformationPage/MailingAddressSection/InsuredOrPrincipal[InsuredOrPrincipalInfo.InsuredOrPrincipalRoleCd='Insured'].GeneralPartyInfo.Addr[AddrTypeCd='MailingAddress'].StateProvCd">InsuredOrPrincipal[InsuredOrPrincipalInfo.InsuredOrPrincipalRoleCd='Insured'].GeneralPartyInfo.Addr[AddrTypeCd='MailingAddress'].StateProvCd</field>
            </operand>
            <operand fieldType="constant">
              <constant>NH</constant>
            </operand>
          </operator>
        </where>
        <variables />
      </selectNodes>
    </step>
  </rule>
</rule_file>

