<?xml version="1.0" encoding="UTF-8"?>
<collection xmlns:xsi="http://www.w3.org/2001/XMLSchema-instance" title="APSDKConnectorsPopQuizPage" id="APSDKTRAINING" xsi:noNamespaceSchemaLocation="http://reference.agencyport.com/schemas/4.2/definition/transactionDefinitionFile.xsd">
  <!-- General Information -->
  <page id="ConnectorsPopQuizAdvancedPage" title="Connectors Pop Quiz" type="dataEntry">
    <pageElement id="agencyInformation" type="fieldset" legend="Fake/Simulated Connector Inputs">
      <fieldElement type="text" label="FauxDBQuery Results" id="SP.FauxDBQueryResults" uniqueId="SP.FauxDBQueryResults" required="false" size="10" maxLength="10" defaultValue="">
        <fieldHelper type="balloon">Leave the field empty to simulate NO RESULTs</fieldHelper>
      </fieldElement>
      <fieldElement type="text" label="Simulated Premium" id="SP.SimulatedPremium" uniqueId="SP.SimulatedPremium" required="false" size="10" maxLength="10" defaultValue="" />
    </pageElement>
    
    <!-- 
    	The following matches the Connectors Test Slide 3, EXCEPT:
    	- added references to actual classes implementing the custom connectors
    	- fixed the colliding xarcRules element id values
     -->
     
    <connectors type="process">
      <connector title="Faux DB Query" type="custom" id="FauxDBQueryConnector" 
      		className="com.agencyport.sdktraining.connectors.popquiz.FauxDBQueryConnector">
      	<!-- If there are results this returns CONDITIONS_MET, else CONDITIONS_NOT_MET -->
      </connector>	
      <connector title="Rating Check &gt; $100" type="custom" id="PremiumCheckGreater100Connector" 
      		className="com.agencyport.sdktraining.connectors.popquiz.PremiumCheckGreater100Connector">
		<!-- If the premium is > $100, this returns CONDITIONS_MET, else CONDITIONS_NOT_MET -->
	  </connector>
      <!--       <connector type="XARC" title="Applicant Info UW" id="applicantInfoUWConnector" > -->
      <!--         <executeWhen userAction="Continue" id="newID" /> -->
      <!--         <xarcRules ruleLibraryId="applicantInfo" id="applicantInfoRules" ruleId="" /> -->
      <!--        <xarcRules ruleLibraryId="nhRules" id="nhRules2" ruleId="" /> -->
      <!--       </connector> -->
      <!--        <connector type="XARC" title="Applicant Info UW" id="applicantInfoNHRules"> -->
      <!--         <executeWhen  userAction="Continue" /> -->
      <!--         <xarcRules ruleLibraryId="nhRules" id="nhRules" ruleId="" /> -->
      <!--       </connector> -->
      <connector title="MA XARC Error" type="XARC" id="MA-XARC-ErrorConnector">
      	<!-- If there's a Location of MA this returns CONDITIONS_MET (with an Error Message), else CONDITIONS_NOT_MET -->
        <executeWhen id="MA-XARC-Continue" userAction="Continue" />
        <xarcRules id="locationRulesMA" ruleId="MA-Error" ruleLibraryId="locations" />
      </connector>
      <connector title="NH XARC Warning" type="XARC" id="NH-XARC-WarningConnector">
      	<!-- If there's a Location of MA this returns CONDITIONS_MET (with a Warning Message), else CONDITIONS_NOT_MET -->
        <executeWhen id="NH-XARC-Continue" userAction="Continue" />
        <xarcRules id="locationRulesNH" ruleId="NH-Warning" ruleLibraryId="locations" />
      </connector>
      <!-- 
      	an instruction w/ no when clause will always execute, 
      	regardless of prior Connector Outcome or ERROR in messageMap;
      	for testing purposes, we have two unconditional instructions
      	- a message (so you can see on the page that it ran)
      	- a status change (reset to in progress- you can check the workitem status in the My Work worklist to verify that it ran)
      -->
      <instruction type="generateMessage" id="instructionGenerateMessageUnconditionally" value="I ALWAYS run!  Regardless of ANY Connector ERROR/Outcome.  " severity="error" />
      <instruction type="statusChange" id="instructionStatusChangeInProgress" value="INPROGRESS" />
      <!-- the following conditional attributes were in the original test -->
      <instruction type="updateAPData" id="instructionUpdateAPData">
        <!-- 		<when connector="applicantInfoUWConnector" /> -->
        <when connector="FauxDBQueryConnector" />
      </instruction>
      <instruction type="statusChange" id="instructionDecline" value="DECLINE">
        <!-- 		<when connector="applicantInfoUWConnector" /> -->
        <when connector="PremiumCheckGreater100Connector" />
      </instruction>
      <instruction type="generateMessage" id="instructionGenerateMessageNH" value="NH is a great state.  NH-XARC-WarningConnector execute==Outcome.CONDITIONS_MET" severity="warning">
        <!--       <when connector="applicantInfoUWConnector" /> -->
        <when connector="NH-XARC-WarningConnector" />
      </instruction>
      <instruction type="generateMessage" id="instructionGenerateMessageMA" value="MA is a great state.  MA-XARC-ErrorConnector execute==Outcome.CONDITIONS_MET" severity="warning">
        <!--       <when connector="applicantInfoUWConnector" /> -->
        <when connector="MA-XARC-ErrorConnector" />
      </instruction>
    </connectors>
  </page>
</collection>

